Session_ID,Date,Start_Time,End_Time,Event_Type,Status,Start_Hum,End_Hum,Target_Min,Actual_Min,Actual_Hours,Daily_Cumulative_Hours,Notes
SYSTEM,2026-02-02,01:50:20,,FILE_RESTORED,,,,,,,,Rebuilt from RAM
SYSTEM,2026-02-02,01:50:20,,SYSTEM_BOOT,,,,,,,,Program Started
1770001123,2026-02-02,03:58:43,05:28:43,SECONDARY_RUN,COMPLETED,57,49,90,90.0,1.5001,1.5001,Target Reached
1770015551,2026-02-02,07:59:11,09:29:12,SECONDARY_RUN,COMPLETED,58,51,90,90.01,1.5001,3.0002,Target Reached
1770029956,2026-02-02,11:59:16,13:29:36,SECONDARY_RUN,COMPLETED,59,50,90,90.33,1.5055,4.5057,Target Reached
SYSTEM,2026-02-02,16:52:30,,SYSTEM_BOOT,,,,,,,,Program Started
SYSTEM,2026-02-02,18:43:14,,SYSTEM_BOOT,,,,,,,,Program Started
1770054243,2026-02-02,18:44:03,20:14:19,SECONDARY_RUN,COMPLETED,57,48,90,90.26,1.5044,6.0101,Target Reached
1770068696,2026-02-02,22:44:56,23:44:35,SECONDARY_RUN,DAILY_LIMIT_STOP,57,51,59,59.65,0.9942,7.0043,Max Daily Cap Reached
